path_key,source_project,chainage_m,x_svy21,y_svy21,elevation_m_raw,elevation_m_filtered,elevation_m_smooth,gradient_pct,Grade,nearest_road_name,nearest_road_dist_m
upper_paya_lebar_road,Upper Paya Lebar Road,0.0,32899.105,37205.282,18.431,18.431,18.386,0.0,1.0,UPPER PAYA LEBAR ROAD,15.877
upper_paya_lebar_road,Upper Paya Lebar Road,2.0,32897.622,37203.94,18.386,18.386,18.409,-0.092,1.0,UPPER PAYA LEBAR ROAD,15.858
upper_paya_lebar_road,Upper Paya Lebar Road,4.0,32896.138,37202.598,18.381,18.381,18.386,,,UPPER PAYA LEBAR ROAD,15.839
upper_paya_lebar_road,Upper Paya Lebar Road,6.0,32894.655,37201.256,18.432,18.432,18.381,,,UPPER PAYA LEBAR ROAD,15.82
upper_paya_lebar_road,Upper Paya Lebar Road,8.0,32893.172,37199.914,23.708,18.27,18.27,,,UPPER PAYA LEBAR ROAD,15.802
upper_paya_lebar_road,Upper Paya Lebar Road,10.0,32891.689,37198.573,23.134,18.107,18.107,,,UPPER PAYA LEBAR ROAD,15.783
upper_paya_lebar_road,Upper Paya Lebar Road,12.0,32890.206,37197.231,24.13,17.945,17.945,,,UPPER PAYA LEBAR ROAD,15.764
upper_paya_lebar_road,Upper Paya Lebar Road,14.0,32888.723,37195.889,23.692,17.782,17.782,,,UPPER PAYA LEBAR ROAD,15.745
upper_paya_lebar_road,Upper Paya Lebar Road,16.0,32888.733,37193.914,18.495,17.62,17.62,,,UPPER PAYA LEBAR ROAD,14.262
upper_paya_lebar_road,Upper Paya Lebar Road,18.0,32888.8,37191.915,18.333,17.458,17.458,,,UPPER PAYA LEBAR ROAD,12.723
upper_paya_lebar_road,Upper Paya Lebar Road,20.0,32888.866,37189.917,17.95,17.295,17.295,,,UPPER PAYA LEBAR ROAD,11.184
upper_paya_lebar_road,Upper Paya Lebar Road,22.0,32888.933,37187.918,17.423,17.133,17.133,,,UPPER PAYA LEBAR ROAD,9.645
upper_paya_lebar_road,Upper Paya Lebar Road,24.0,32889.0,37185.919,16.97,16.97,16.97,,,UPPER PAYA LEBAR ROAD,8.105
upper_paya_lebar_road,Upper Paya Lebar Road,26.0,32889.067,37183.92,16.825,16.825,16.825,,,UPPER PAYA LEBAR ROAD,6.566
upper_paya_lebar_road,Upper Paya Lebar Road,28.0,32889.134,37181.921,16.686,16.686,16.686,-3.556,1.0,UPPER PAYA LEBAR ROAD,5.027
upper_paya_lebar_road,Upper Paya Lebar Road,30.0,32889.201,37179.922,16.449,16.449,16.686,,,UPPER PAYA LEBAR ROAD,3.488
upper_paya_lebar_road,Upper Paya Lebar Road,32.0,32889.267,37177.923,16.463,16.463,16.686,,,UPPER PAYA LEBAR ROAD,1.949
upper_paya_lebar_road,Upper Paya Lebar Road,34.0,32889.334,37175.924,16.468,16.692,16.692,,,UPPER PAYA LEBAR ROAD,0.41
upper_paya_lebar_road,Upper Paya Lebar Road,36.0,32889.401,37173.926,16.444,16.921,16.921,,,UPPER PAYA LEBAR ROAD,1.13
upper_paya_lebar_road,Upper Paya Lebar Road,38.0,32889.468,37171.927,17.731,17.101,17.101,,,UPPER PAYA LEBAR ROAD,2.669
upper_paya_lebar_road,Upper Paya Lebar Road,40.0,32889.535,37169.928,17.145,17.282,17.101,,,UPPER PAYA LEBAR ROAD,4.208
upper_paya_lebar_road,Upper Paya Lebar Road,42.0,32889.602,37167.929,18.2,17.19,17.101,,,UPPER PAYA LEBAR ROAD,5.747
upper_paya_lebar_road,Upper Paya Lebar Road,44.0,32889.669,37165.93,18.162,17.099,17.099,,,UPPER PAYA LEBAR ROAD,7.286
upper_paya_lebar_road,Upper Paya Lebar Road,46.0,32889.735,37163.931,22.654,17.007,17.007,,,UPPER PAYA LEBAR ROAD,8.825
upper_paya_lebar_road,Upper Paya Lebar Road,48.0,32889.802,37161.932,22.018,16.916,16.916,,,UPPER PAYA LEBAR ROAD,10.365
upper_paya_lebar_road,Upper Paya Lebar Road,50.0,32889.869,37159.933,22.038,16.824,16.824,,,UPPER PAYA LEBAR ROAD,11.904
upper_paya_lebar_road,Upper Paya Lebar Road,52.0,32889.936,37157.934,22.056,16.733,16.733,,,UPPER PAYA LEBAR ROAD,13.443
upper_paya_lebar_road,Upper Paya Lebar Road,54.0,32890.003,37155.936,16.641,16.641,16.733,,,UPPER PAYA LEBAR ROAD,14.982
upper_paya_lebar_road,Upper Paya Lebar Road,56.0,32890.07,37153.937,16.698,16.698,16.733,,,UPPER PAYA LEBAR ROAD,16.521
upper_paya_lebar_road,Upper Paya Lebar Road,58.0,32890.136,37151.938,16.745,16.745,16.745,0.15,1.0,UPPER PAYA LEBAR ROAD,15.002
upper_paya_lebar_road,Upper Paya Lebar Road,60.0,32890.203,37149.939,16.789,16.789,16.745,-0.3,1.0,UPPER PAYA LEBAR ROAD,13.147
upper_paya_lebar_road,Upper Paya Lebar Road,62.0,32890.507,37148.107,16.788,16.788,16.745,-1.103,1.0,UPPER PAYA LEBAR ROAD,11.53
upper_paya_lebar_road,Upper Paya Lebar Road,64.0,32892.369,37147.378,16.708,16.708,16.708,-1.944,1.0,UPPER PAYA LEBAR ROAD,11.483
upper_paya_lebar_road,Upper Paya Lebar Road,66.0,32894.231,37146.649,16.656,16.656,16.656,-2.044,1.0,UPPER PAYA LEBAR ROAD,11.436
upper_paya_lebar_road,Upper Paya Lebar Road,68.0,32896.094,37145.92,16.589,16.589,16.589,-1.594,1.0,UPPER PAYA LEBAR ROAD,11.389
upper_paya_lebar_road,Upper Paya Lebar Road,70.0,32897.956,37145.191,16.571,16.571,16.581,-0.941,1.0,UPPER PAYA LEBAR ROAD,11.342
upper_paya_lebar_road,Upper Paya Lebar Road,72.0,32899.839,37144.519,16.581,16.581,16.581,,,UPPER PAYA LEBAR ROAD,11.355
upper_paya_lebar_road,Upper Paya Lebar Road,74.0,32901.727,37143.859,16.57,16.57,16.581,,,UPPER PAYA LEBAR ROAD,11.382
upper_paya_lebar_road,Upper Paya Lebar Road,76.0,32903.615,37143.199,17.051,16.847,16.847,,,UPPER PAYA LEBAR ROAD,11.409
upper_paya_lebar_road,Upper Paya Lebar Road,78.0,32905.504,37142.539,17.418,17.125,17.125,,,UPPER PAYA LEBAR ROAD,11.435
upper_paya_lebar_road,Upper Paya Lebar Road,80.0,32907.392,37141.879,16.818,17.403,17.403,,,UPPER PAYA LEBAR ROAD,11.462
upper_paya_lebar_road,Upper Paya Lebar Road,82.0,32909.298,37141.283,17.879,17.68,17.68,,,UPPER PAYA LEBAR ROAD,11.555
upper_paya_lebar_road,Upper Paya Lebar Road,84.0,32911.245,37140.826,17.958,17.958,17.743,,,UPPER PAYA LEBAR ROAD,11.793
upper_paya_lebar_road,Upper Paya Lebar Road,86.0,32913.192,37140.369,17.743,17.743,17.958,,,UPPER PAYA LEBAR ROAD,12.03
upper_paya_lebar_road,Upper Paya Lebar Road,88.0,32915.139,37139.911,18.608,18.647,18.647,,,UPPER PAYA LEBAR ROAD,12.267
upper_paya_lebar_road,Upper Paya Lebar Road,90.0,32917.086,37139.454,22.274,19.55,19.55,,,UPPER PAYA LEBAR ROAD,12.504
upper_paya_lebar_road,Upper Paya Lebar Road,92.0,32919.034,37139.002,26.538,20.453,20.453,,,UPPER PAYA LEBAR ROAD,12.747
upper_paya_lebar_road,Upper Paya Lebar Road,94.0,32921.033,37139.04,26.913,,21.356,,,UPPER PAYA LEBAR ROAD,13.467
upper_paya_lebar_road,Upper Paya Lebar Road,96.0,32923.033,37139.077,28.368,,22.259,,,UPPER PAYA LEBAR ROAD,14.223
upper_paya_lebar_road,Upper Paya Lebar Road,98.0,32925.033,37139.115,24.912,23.162,23.162,,,UPPER PAYA LEBAR ROAD,14.988
upper_paya_lebar_road,Upper Paya Lebar Road,100.0,32927.032,37139.153,25.143,24.065,24.065,,,UPPER PAYA LEBAR ROAD,15.753
upper_paya_lebar_road,Upper Paya Lebar Road,102.0,32929.019,37139.06,23.513,24.968,24.968,,,UPPER PAYA LEBAR ROAD,16.392
upper_paya_lebar_road,Upper Paya Lebar Road,104.0,32930.973,37138.632,25.871,25.871,25.72,,,UPPER PAYA LEBAR ROAD,16.707
upper_paya_lebar_road,Upper Paya Lebar Road,106.0,32932.926,37138.204,25.336,25.795,25.72,,,UPPER PAYA LEBAR ROAD,17.022
upper_paya_lebar_road,Upper Paya Lebar Road,108.0,32934.88,37137.776,26.051,25.72,25.72,-0.948,1.0,UPPER PAYA LEBAR ROAD,17.337
upper_paya_lebar_road,Upper Paya Lebar Road,110.0,32936.834,37137.348,25.649,25.644,25.72,,,UPPER PAYA LEBAR ROAD,17.652
upper_paya_lebar_road,Upper Paya Lebar Road,112.0,32938.677,37136.58,25.568,25.568,25.644,,,UPPER PAYA LEBAR ROAD,17.61
upper_paya_lebar_road,Upper Paya Lebar Road,114.0,32940.508,37135.777,25.769,25.769,25.568,,,UPPER PAYA LEBAR ROAD,17.531
upper_paya_lebar_road,Upper Paya Lebar Road,116.0,32942.34,37134.973,25.597,25.472,25.472,,,UPPER PAYA LEBAR ROAD,17.452
upper_paya_lebar_road,Upper Paya Lebar Road,118.0,32944.171,37134.17,25.786,25.174,25.174,,,UPPER PAYA LEBAR ROAD,17.372
upper_paya_lebar_road,Upper Paya Lebar Road,120.0,32946.003,37133.366,25.524,24.587,24.587,,,UPPER PAYA LEBAR ROAD,17.293
upper_paya_lebar_road,Upper Paya Lebar Road,122.0,32947.828,37132.549,24.391,23.999,23.999,,,UPPER PAYA LEBAR ROAD,17.199
upper_paya_lebar_road,Upper Paya Lebar Road,124.0,32949.621,37131.663,23.278,23.412,23.412,,,UPPER PAYA LEBAR ROAD,17.029
upper_paya_lebar_road,Upper Paya Lebar Road,126.0,32951.415,37130.778,20.423,,23.118,,,UPPER PAYA LEBAR ROAD,16.86
upper_paya_lebar_road,Upper Paya Lebar Road,128.0,32953.208,37129.892,20.593,,22.824,,,UPPER PAYA LEBAR ROAD,16.69
upper_paya_lebar_road,Upper Paya Lebar Road,130.0,32955.001,37129.007,17.248,,22.237,,,UPPER PAYA LEBAR ROAD,16.52
upper_paya_lebar_road,Upper Paya Lebar Road,132.0,32956.838,37128.238,20.928,,20.474,,,UPPER PAYA LEBAR ROAD,16.475
upper_paya_lebar_road,Upper Paya Lebar Road,178.0,33001.954,37119.346,18.124,,19.886,,,UPPER PAYA LEBAR ROAD,25.943
upper_paya_lebar_road,Upper Paya Lebar Road,180.0,33003.921,37118.983,17.304,,19.593,,,UPPER PAYA LEBAR ROAD,26.42
upper_paya_lebar_road,Upper Paya Lebar Road,182.0,33005.887,37118.62,17.476,19.299,19.299,,,UPPER PAYA LEBAR ROAD,26.897
upper_paya_lebar_road,Upper Paya Lebar Road,184.0,33007.854,37118.257,18.844,18.711,18.711,,,UPPER PAYA LEBAR ROAD,27.374
upper_paya_lebar_road,Upper Paya Lebar Road,186.0,33009.821,37117.895,18.057,18.124,18.124,,,UPPER PAYA LEBAR ROAD,27.851
upper_paya_lebar_road,Upper Paya Lebar Road,188.0,33011.791,37117.559,18.181,17.536,17.813,,,UPPER PAYA LEBAR ROAD,28.353
upper_paya_lebar_road,Upper Paya Lebar Road,190.0,33013.79,37117.5,17.556,17.556,17.813,,,UPPER PAYA LEBAR ROAD,29.121
upper_paya_lebar_road,Upper Paya Lebar Road,192.0,33015.789,37117.442,17.582,17.813,17.813,,,UPPER PAYA LEBAR ROAD,29.889
upper_paya_lebar_road,Upper Paya Lebar Road,194.0,33017.788,37117.383,17.702,18.069,18.069,,,UPPER PAYA LEBAR ROAD,30.656
upper_paya_lebar_road,Upper Paya Lebar Road,196.0,33019.787,37117.325,17.712,19.304,19.304,,,UPPER PAYA LEBAR ROAD,31.424
upper_paya_lebar_road,Upper Paya Lebar Road,198.0,33021.786,37117.266,18.18,20.54,20.54,,,UPPER PAYA LEBAR ROAD,32.192
upper_paya_lebar_road,Upper Paya Lebar Road,200.0,33023.763,37117.119,19.472,21.775,21.775,,,UPPER PAYA LEBAR ROAD,32.869
upper_paya_lebar_road,Upper Paya Lebar Road,202.0,33025.545,37116.211,,23.011,23.011,,,UPPER PAYA LEBAR ROAD,32.773
upper_paya_lebar_road,Upper Paya Lebar Road,204.0,33027.327,37115.303,,24.246,24.246,,,UPPER PAYA LEBAR ROAD,32.676
upper_paya_lebar_road,Upper Paya Lebar Road,206.0,33029.109,37114.395,45.405,25.481,25.481,,,UPPER PAYA LEBAR ROAD,32.58
upper_paya_lebar_road,Upper Paya Lebar Road,208.0,33030.891,37113.487,45.285,,26.717,,,UPPER PAYA LEBAR ROAD,32.484
upper_paya_lebar_road,Upper Paya Lebar Road,210.0,33032.672,37112.578,42.751,,27.952,,,UPPER PAYA LEBAR ROAD,32.387
upper_paya_lebar_road,Upper Paya Lebar Road,212.0,33034.454,37111.67,42.46,29.188,29.188,,,UPPER PAYA LEBAR ROAD,32.291
upper_paya_lebar_road,Upper Paya Lebar Road,214.0,33036.236,37110.762,26.321,30.423,30.423,,,UPPER PAYA LEBAR ROAD,32.195
upper_paya_lebar_road,Upper Paya Lebar Road,216.0,33038.018,37109.854,,31.658,31.658,,,UPPER PAYA LEBAR ROAD,32.098
upper_paya_lebar_road,Upper Paya Lebar Road,218.0,33039.8,37108.946,,32.894,32.455,,,UPPER PAYA LEBAR ROAD,32.002
upper_paya_lebar_road,Upper Paya Lebar Road,220.0,33041.582,37108.038,,32.674,32.455,,,UPPER PAYA LEBAR ROAD,31.906
upper_paya_lebar_road,Upper Paya Lebar Road,222.0,33043.364,37107.129,,32.455,32.455,,,UPPER PAYA LEBAR ROAD,31.81
upper_paya_lebar_road,Upper Paya Lebar Road,224.0,33045.091,37106.149,,32.235,32.235,,,UPPER PAYA LEBAR ROAD,31.625
upper_paya_lebar_road,Upper Paya Lebar Road,226.0,33046.45,37104.681,,32.016,32.016,,,UPPER PAYA LEBAR ROAD,30.845
upper_paya_lebar_road,Upper Paya Lebar Road,228.0,33047.809,37103.214,,31.273,31.273,,,UPPER PAYA LEBAR ROAD,30.064
upper_paya_lebar_road,Upper Paya Lebar Road,230.0,33049.167,37101.746,,30.531,30.531,,,UPPER PAYA LEBAR ROAD,29.284
upper_paya_lebar_road,Upper Paya Lebar Road,232.0,33050.526,37100.278,,29.789,29.789,,,UPPER PAYA LEBAR ROAD,28.504
upper_paya_lebar_road,Upper Paya Lebar Road,234.0,33051.884,37098.811,,29.047,29.047,,,UPPER PAYA LEBAR ROAD,27.723
upper_paya_lebar_road,Upper Paya Lebar Road,236.0,33053.243,37097.343,,28.304,28.304,,,UPPER PAYA LEBAR ROAD,26.943
upper_paya_lebar_road,Upper Paya Lebar Road,238.0,33054.601,37095.875,,27.562,27.562,,,UPPER PAYA LEBAR ROAD,26.163
upper_paya_lebar_road,Upper Paya Lebar Road,240.0,33055.96,37094.407,,,26.82,,,UPPER PAYA LEBAR ROAD,25.383
upper_paya_lebar_road,Upper Paya Lebar Road,242.0,33057.319,37092.94,,26.078,26.078,,,UPPER PAYA LEBAR ROAD,24.679
upper_paya_lebar_road,Upper Paya Lebar Road,244.0,33058.677,37091.472,,25.335,25.335,,,UPPER PAYA LEBAR ROAD,24.122
upper_paya_lebar_road,Upper Paya Lebar Road,246.0,33060.036,37090.004,23.851,24.593,24.593,,,UPPER PAYA LEBAR ROAD,23.72
upper_paya_lebar_road,Upper Paya Lebar Road,248.0,33061.394,37088.536,23.851,23.851,24.335,,,UPPER PAYA LEBAR ROAD,23.43
upper_paya_lebar_road,Upper Paya Lebar Road,250.0,33062.753,37087.069,23.851,24.093,24.335,,,UPPER PAYA LEBAR ROAD,23.144
upper_paya_lebar_road,Upper Paya Lebar Road,252.0,33064.112,37085.601,23.851,24.335,24.335,,,UPPER PAYA LEBAR ROAD,22.858
upper_paya_lebar_road,Upper Paya Lebar Road,254.0,33065.47,37084.133,,24.355,24.355,,,UPPER PAYA LEBAR ROAD,22.572
upper_paya_lebar_road,Upper Paya Lebar Road,256.0,33066.959,37082.811,,24.376,24.376,,,UPPER PAYA LEBAR ROAD,22.481
upper_paya_lebar_road,Upper Paya Lebar Road,258.0,33068.566,37081.62,,24.397,24.397,,,UPPER PAYA LEBAR ROAD,22.567
upper_paya_lebar_road,Upper Paya Lebar Road,260.0,33070.173,37080.429,,24.417,24.417,,,UPPER PAYA LEBAR ROAD,22.653
upper_paya_lebar_road,Upper Paya Lebar Road,262.0,33071.797,37079.263,28.688,24.438,24.438,,,UPPER PAYA LEBAR ROAD,22.768
upper_paya_lebar_road,Upper Paya Lebar Road,264.0,33073.429,37078.106,28.688,24.458,24.458,,,UPPER PAYA LEBAR ROAD,22.896
upper_paya_lebar_road,Upper Paya Lebar Road,266.0,33075.061,37076.95,28.688,24.479,24.479,,,UPPER PAYA LEBAR ROAD,23.024
upper_paya_lebar_road,Upper Paya Lebar Road,268.0,33076.692,37075.793,28.688,24.5,24.5,,,UPPER PAYA LEBAR ROAD,23.151
upper_paya_lebar_road,Upper Paya Lebar Road,270.0,33078.324,37074.637,25.803,24.52,24.5,,,UPPER PAYA LEBAR ROAD,23.279
upper_paya_lebar_road,Upper Paya Lebar Road,272.0,33079.958,37073.484,24.541,24.541,24.5,,,UPPER PAYA LEBAR ROAD,23.411
upper_paya_lebar_road,Upper Paya Lebar Road,274.0,33081.595,37072.334,24.339,24.339,24.52,,,UPPER PAYA LEBAR ROAD,23.547
upper_paya_lebar_road,Upper Paya Lebar Road,276.0,33083.231,37071.184,24.106,24.494,24.541,,,UPPER PAYA LEBAR ROAD,23.683
upper_paya_lebar_road,Upper Paya Lebar Road,278.0,33084.867,37070.034,24.123,24.65,24.65,,,UPPER PAYA LEBAR ROAD,23.819
upper_paya_lebar_road,Upper Paya Lebar Road,280.0,33086.504,37068.884,24.324,24.806,24.684,,,UPPER PAYA LEBAR ROAD,23.954
upper_paya_lebar_road,Upper Paya Lebar Road,282.0,33088.14,37067.734,24.601,24.745,24.684,,,UPPER PAYA LEBAR ROAD,24.09
upper_paya_lebar_road,Upper Paya Lebar Road,284.0,33089.776,37066.584,24.718,24.684,24.684,,,UPPER PAYA LEBAR ROAD,24.226
upper_paya_lebar_road,Upper Paya Lebar Road,286.0,33091.186,37065.176,27.819,24.624,24.624,,,UPPER PAYA LEBAR ROAD,24.018
upper_paya_lebar_road,Upper Paya Lebar Road,288.0,33092.536,37063.7,28.058,24.563,24.563,,,UPPER PAYA LEBAR ROAD,23.721
upper_paya_lebar_road,Upper Paya Lebar Road,290.0,33093.886,37062.225,28.324,24.503,24.503,,,UPPER PAYA LEBAR ROAD,23.424
upper_paya_lebar_road,Upper Paya Lebar Road,292.0,33094.078,37061.814,28.324,24.442,24.442,,,UPPER PAYA LEBAR ROAD,23.225
upper_paya_lebar_road,Upper Paya Lebar Road,294.0,33092.493,37063.035,28.324,24.381,24.381,,,UPPER PAYA LEBAR ROAD,23.177
upper_paya_lebar_road,Upper Paya Lebar Road,296.0,33090.909,37064.255,27.817,24.321,24.321,,,UPPER PAYA LEBAR ROAD,23.128
upper_paya_lebar_road,Upper Paya Lebar Road,298.0,33089.325,37065.476,24.228,24.26,24.26,,,UPPER PAYA LEBAR ROAD,23.08
upper_paya_lebar_road,Upper Paya Lebar Road,300.0,33087.74,37066.696,24.362,24.2,24.2,,,UPPER PAYA LEBAR ROAD,23.032
upper_paya_lebar_road,Upper Paya Lebar Road,302.0,33086.156,37067.917,24.139,24.139,24.2,,,UPPER PAYA LEBAR ROAD,22.983
upper_paya_lebar_road,Upper Paya Lebar Road,304.0,33084.571,37069.137,24.106,24.106,24.2,,,UPPER PAYA LEBAR ROAD,22.935
upper_paya_lebar_road,Upper Paya Lebar Road,306.0,33082.987,37070.358,24.123,24.321,24.321,,,UPPER PAYA LEBAR ROAD,22.887
upper_paya_lebar_road,Upper Paya Lebar Road,308.0,33081.403,37071.578,24.31,24.536,24.536,,,UPPER PAYA LEBAR ROAD,22.839
upper_paya_lebar_road,Upper Paya Lebar Road,310.0,33079.818,37072.799,24.64,24.751,24.751,,,UPPER PAYA LEBAR ROAD,22.79
upper_paya_lebar_road,Upper Paya Lebar Road,312.0,33078.234,37074.019,24.794,24.911,24.911,,,UPPER PAYA LEBAR ROAD,22.742
upper_paya_lebar_road,Upper Paya Lebar Road,314.0,33076.649,37075.24,24.937,25.071,24.911,,,UPPER PAYA LEBAR ROAD,22.694
upper_paya_lebar_road,Upper Paya Lebar Road,316.0,33075.065,37076.46,28.688,24.949,24.911,,,UPPER PAYA LEBAR ROAD,22.645
upper_paya_lebar_road,Upper Paya Lebar Road,318.0,33073.48,37077.681,28.688,24.827,24.827,,,UPPER PAYA LEBAR ROAD,22.597
upper_paya_lebar_road,Upper Paya Lebar Road,320.0,33071.896,37078.901,28.688,24.705,24.705,,,UPPER PAYA LEBAR ROAD,22.549
upper_paya_lebar_road,Upper Paya Lebar Road,322.0,33070.312,37080.122,,24.583,24.583,,,UPPER PAYA LEBAR ROAD,22.501
upper_paya_lebar_road,Upper Paya Lebar Road,324.0,33068.727,37081.342,,24.461,24.461,,,UPPER PAYA LEBAR ROAD,22.452
upper_paya_lebar_road,Upper Paya Lebar Road,326.0,33067.143,37082.563,,24.339,24.339,,,UPPER PAYA LEBAR ROAD,22.404
upper_paya_lebar_road,Upper Paya Lebar Road,328.0,33065.558,37083.783,,24.217,24.217,,,UPPER PAYA LEBAR ROAD,22.356
upper_paya_lebar_road,Upper Paya Lebar Road,330.0,33063.974,37085.004,23.851,24.095,24.095,,,UPPER PAYA LEBAR ROAD,22.308
upper_paya_lebar_road,Upper Paya Lebar Road,332.0,33062.39,37086.224,23.851,23.973,23.973,,,UPPER PAYA LEBAR ROAD,22.259
upper_paya_lebar_road,Upper Paya Lebar Road,334.0,33060.805,37087.445,23.851,23.851,23.851,,,UPPER PAYA LEBAR ROAD,22.211
upper_paya_lebar_road,Upper Paya Lebar Road,336.0,33059.221,37088.665,23.851,23.851,23.851,,,UPPER PAYA LEBAR ROAD,22.164
upper_paya_lebar_road,Upper Paya Lebar Road,338.0,33057.636,37089.886,27.882,23.551,23.551,-11.238,2.0,UPPER PAYA LEBAR ROAD,22.224
upper_paya_lebar_road,Upper Paya Lebar Road,340.0,33056.052,37091.106,22.179,23.252,23.252,,,UPPER PAYA LEBAR ROAD,22.464
upper_paya_lebar_road,Upper Paya Lebar Road,342.0,33054.468,37092.327,22.179,22.952,22.952,,,UPPER PAYA LEBAR ROAD,22.872
upper_paya_lebar_road,Upper Paya Lebar Road,344.0,33052.883,37093.547,27.882,22.652,22.652,,,UPPER PAYA LEBAR ROAD,23.334
upper_paya_lebar_road,Upper Paya Lebar Road,346.0,33051.299,37094.768,,22.353,22.353,,,UPPER PAYA LEBAR ROAD,23.797
upper_paya_lebar_road,Upper Paya Lebar Road,348.0,33049.714,37095.988,,22.053,22.053,,,UPPER PAYA LEBAR ROAD,24.259
upper_paya_lebar_road,Upper Paya Lebar Road,350.0,33048.13,37097.209,,21.753,21.753,,,UPPER PAYA LEBAR ROAD,24.721
upper_paya_lebar_road,Upper Paya Lebar Road,352.0,33046.545,37098.429,,21.453,21.453,,,UPPER PAYA LEBAR ROAD,25.183
upper_paya_lebar_road,Upper Paya Lebar Road,354.0,33044.961,37099.65,,21.154,21.154,,,UPPER PAYA LEBAR ROAD,25.645
upper_paya_lebar_road,Upper Paya Lebar Road,356.0,33043.377,37100.87,,20.854,20.854,,,UPPER PAYA LEBAR ROAD,26.108
upper_paya_lebar_road,Upper Paya Lebar Road,358.0,33041.792,37102.091,,20.554,20.554,,,UPPER PAYA LEBAR ROAD,26.57
upper_paya_lebar_road,Upper Paya Lebar Road,360.0,33040.208,37103.311,,20.255,20.255,,,UPPER PAYA LEBAR ROAD,27.032
upper_paya_lebar_road,Upper Paya Lebar Road,362.0,33038.623,37104.532,,19.955,19.955,,,UPPER PAYA LEBAR ROAD,27.494
upper_paya_lebar_road,Upper Paya Lebar Road,364.0,33037.039,37105.752,,19.655,19.655,,,UPPER PAYA LEBAR ROAD,27.956
upper_paya_lebar_road,Upper Paya Lebar Road,366.0,33035.455,37106.973,,19.356,19.356,,,UPPER PAYA LEBAR ROAD,28.419
upper_paya_lebar_road,Upper Paya Lebar Road,368.0,33033.87,37108.193,,19.056,19.056,,,UPPER PAYA LEBAR ROAD,28.881
upper_paya_lebar_road,Upper Paya Lebar Road,370.0,33032.286,37109.414,,18.756,18.756,,,UPPER PAYA LEBAR ROAD,29.343
upper_paya_lebar_road,Upper Paya Lebar Road,372.0,33030.701,37110.634,,18.457,18.457,-11.425,2.0,UPPER PAYA LEBAR ROAD,29.805
upper_paya_lebar_road,Upper Paya Lebar Road,374.0,33029.117,37111.855,,18.157,18.157,,,UPPER PAYA LEBAR ROAD,30.267
upper_paya_lebar_road,Upper Paya Lebar Road,376.0,33027.532,37113.075,21.357,17.857,18.142,,,UPPER PAYA LEBAR ROAD,30.73
upper_paya_lebar_road,Upper Paya Lebar Road,378.0,33025.948,37114.296,17.557,17.939,18.142,,,UPPER PAYA LEBAR ROAD,31.192
upper_paya_lebar_road,Upper Paya Lebar Road,380.0,33024.364,37115.516,17.557,18.142,18.142,,,UPPER PAYA LEBAR ROAD,31.654
upper_paya_lebar_road,Upper Paya Lebar Road,382.0,33022.779,37116.737,18.486,18.394,18.394,,,UPPER PAYA LEBAR ROAD,32.116
upper_paya_lebar_road,Upper Paya Lebar Road,384.0,33021.195,37117.957,18.188,18.647,18.647,,,UPPER PAYA LEBAR ROAD,32.578
upper_paya_lebar_road,Upper Paya Lebar Road,386.0,33019.61,37119.178,32.333,18.921,18.921,,,UPPER PAYA LEBAR ROAD,33.041
upper_paya_lebar_road,Upper Paya Lebar Road,388.0,33018.026,37120.398,32.334,19.196,19.196,,,UPPER PAYA LEBAR ROAD,33.503
upper_paya_lebar_road,Upper Paya Lebar Road,390.0,33016.442,37121.619,37.031,19.47,19.47,,,UPPER PAYA LEBAR ROAD,33.965
upper_paya_lebar_road,Upper Paya Lebar Road,392.0,33014.857,37122.839,47.826,,19.744,,,UPPER PAYA LEBAR ROAD,34.427
upper_paya_lebar_road,Upper Paya Lebar Road,394.0,33013.273,37124.06,48.495,,20.018,,,UPPER PAYA LEBAR ROAD,34.889
upper_paya_lebar_road,Upper Paya Lebar Road,510.0,32979.304,37213.71,19.881,,20.293,,,UPPER PAYA LEBAR ROAD,31.065
upper_paya_lebar_road,Upper Paya Lebar Road,512.0,32978.136,37215.334,21.133,20.567,20.567,,,UPPER PAYA LEBAR ROAD,29.076
upper_paya_lebar_road,Upper Paya Lebar Road,514.0,32976.841,37216.807,20.855,20.841,20.841,,,UPPER PAYA LEBAR ROAD,27.114
upper_paya_lebar_road,Upper Paya Lebar Road,516.0,32975.047,37217.691,21.37,21.116,21.116,,,UPPER PAYA LEBAR ROAD,25.262
upper_paya_lebar_road,Upper Paya Lebar Road,518.0,32973.253,37218.574,24.006,21.39,21.19,,,UPPER PAYA LEBAR ROAD,23.41
upper_paya_lebar_road,Upper Paya Lebar Road,520.0,32971.458,37219.458,21.41,21.41,21.19,,,UPPER PAYA LEBAR ROAD,21.558
upper_paya_lebar_road,Upper Paya Lebar Road,522.0,32969.664,37220.342,21.773,21.19,21.19,,,UPPER PAYA LEBAR ROAD,19.706
upper_paya_lebar_road,Upper Paya Lebar Road,524.0,32967.87,37221.226,20.911,20.97,20.97,,,UPPER PAYA LEBAR ROAD,17.854
upper_paya_lebar_road,Upper Paya Lebar Road,526.0,32966.133,37222.209,21.089,20.295,20.295,,,UPPER PAYA LEBAR ROAD,15.966
upper_paya_lebar_road,Upper Paya Lebar Road,528.0,32964.467,37223.316,19.209,19.62,19.62,,,UPPER PAYA LEBAR ROAD,14.032
upper_paya_lebar_road,Upper Paya Lebar Road,530.0,32962.801,37224.422,22.345,18.945,18.945,,,UPPER PAYA LEBAR ROAD,12.098
upper_paya_lebar_road,Upper Paya Lebar Road,532.0,32961.136,37225.529,19.51,,18.269,,,UPPER PAYA LEBAR ROAD,10.165
upper_paya_lebar_road,Upper Paya Lebar Road,534.0,32959.47,37226.636,18.488,,17.594,,,UPPER PAYA LEBAR ROAD,8.231
upper_paya_lebar_road,Upper Paya Lebar Road,536.0,32957.804,37227.742,18.496,16.919,16.919,,,UPPER PAYA LEBAR ROAD,6.298
upper_paya_lebar_road,Upper Paya Lebar Road,538.0,32956.626,37229.32,15.029,16.244,16.244,,,UPPER PAYA LEBAR ROAD,4.337
upper_paya_lebar_road,Upper Paya Lebar Road,540.0,32955.428,37230.74,15.037,15.569,15.569,,,UPPER PAYA LEBAR ROAD,2.479
upper_paya_lebar_road,Upper Paya Lebar Road,542.0,32953.429,37230.689,14.894,14.894,14.923,,,UPPER PAYA LEBAR ROAD,1.19
upper_paya_lebar_road,Upper Paya Lebar Road,544.0,32951.429,37230.638,14.908,14.908,14.908,,,UPPER PAYA LEBAR ROAD,0.099
upper_paya_lebar_road,Upper Paya Lebar Road,546.0,32949.43,37230.586,14.923,14.923,14.898,0.0,1.0,UPPER PAYA LEBAR ROAD,1.388
upper_paya_lebar_road,Upper Paya Lebar Road,548.0,32947.431,37230.535,14.898,14.898,14.908,1.981,1.0,UPPER PAYA LEBAR ROAD,2.677
upper_paya_lebar_road,Upper Paya Lebar Road,550.0,32945.431,37230.484,14.866,14.866,14.923,2.2,1.0,UPPER PAYA LEBAR ROAD,3.966
upper_paya_lebar_road,Upper Paya Lebar Road,552.0,32943.644,37229.9,15.067,15.067,15.067,2.369,1.0,UPPER PAYA LEBAR ROAD,4.716
upper_paya_lebar_road,Upper Paya Lebar Road,554.0,32942.158,37228.561,15.074,15.074,15.074,2.225,1.0,UPPER PAYA LEBAR ROAD,4.702
upper_paya_lebar_road,Upper Paya Lebar Road,556.0,32940.672,37227.223,15.098,15.098,15.098,0.669,1.0,UPPER PAYA LEBAR ROAD,4.688
upper_paya_lebar_road,Upper Paya Lebar Road,558.0,32939.184,37225.886,15.101,15.101,15.101,0.65,1.0,UPPER PAYA LEBAR ROAD,4.676
upper_paya_lebar_road,Upper Paya Lebar Road,560.0,32937.695,37224.551,15.12,15.12,15.12,0.462,1.0,UPPER PAYA LEBAR ROAD,4.666
upper_paya_lebar_road,Upper Paya Lebar Road,562.0,32936.206,37223.216,15.126,15.126,15.126,0.575,1.0,UPPER PAYA LEBAR ROAD,4.656
upper_paya_lebar_road,Upper Paya Lebar Road,564.0,32934.717,37221.881,15.134,15.134,15.134,0.381,1.0,UPPER PAYA LEBAR ROAD,4.646
upper_paya_lebar_road,Upper Paya Lebar Road,566.0,32933.228,37220.546,15.147,15.147,15.147,0.381,1.0,UPPER PAYA LEBAR ROAD,4.637
upper_paya_lebar_road,Upper Paya Lebar Road,568.0,32931.737,37219.213,15.151,15.151,15.151,0.334,1.0,UPPER PAYA LEBAR ROAD,4.63
upper_paya_lebar_road,Upper Paya Lebar Road,570.0,32930.241,37217.886,15.157,15.157,15.157,0.356,1.0,UPPER PAYA LEBAR ROAD,4.631
upper_paya_lebar_road,Upper Paya Lebar Road,572.0,32928.745,37216.558,15.161,15.161,15.161,0.409,1.0,UPPER PAYA LEBAR ROAD,4.631
upper_paya_lebar_road,Upper Paya Lebar Road,574.0,32927.249,37215.231,15.176,15.176,15.176,0.462,1.0,UPPER PAYA LEBAR ROAD,4.632
upper_paya_lebar_road,Upper Paya Lebar Road,576.0,32925.753,37213.903,15.183,15.183,15.183,0.681,1.0,UPPER PAYA LEBAR ROAD,4.632
upper_paya_lebar_road,Upper Paya Lebar Road,578.0,32924.257,37212.576,15.194,15.194,15.194,0.788,1.0,UPPER PAYA LEBAR ROAD,4.632
upper_paya_lebar_road,Upper Paya Lebar Road,580.0,32922.761,37211.248,15.216,15.216,15.216,0.691,1.0,UPPER PAYA LEBAR ROAD,4.633
upper_paya_lebar_road,Upper Paya Lebar Road,582.0,32921.26,37209.926,15.238,15.238,15.238,0.556,1.0,UPPER PAYA LEBAR ROAD,4.641
upper_paya_lebar_road,Upper Paya Lebar Road,584.0,32919.757,37208.608,15.249,15.249,15.238,-0.066,1.0,UPPER PAYA LEBAR ROAD,4.653
upper_paya_lebar_road,Upper Paya Lebar Road,586.0,32918.253,37207.289,15.262,15.262,15.238,-0.987,1.0,UPPER PAYA LEBAR ROAD,4.665
upper_paya_lebar_road,Upper Paya Lebar Road,588.0,32916.749,37205.971,19.22,15.21,15.21,-1.625,1.0,UPPER PAYA LEBAR ROAD,4.678
upper_paya_lebar_road,Upper Paya Lebar Road,590.0,32915.671,37204.985,18.007,15.16,15.16,-2.262,1.0,UPPER PAYA LEBAR ROAD,4.656
upper_paya_lebar_road,Upper Paya Lebar Road,592.0,32917.313,37206.127,19.22,15.109,15.109,-1.934,1.0,UPPER PAYA LEBAR ROAD,4.42
upper_paya_lebar_road,Upper Paya Lebar Road,594.0,32918.955,37207.269,15.058,15.058,15.058,-1.444,1.0,UPPER PAYA LEBAR ROAD,4.184
upper_paya_lebar_road,Upper Paya Lebar Road,596.0,32920.596,37208.411,15.056,15.056,15.056,-0.981,1.0,UPPER PAYA LEBAR ROAD,3.948
upper_paya_lebar_road,Upper Paya Lebar Road,598.0,32922.238,37209.553,15.044,15.044,15.044,-0.369,1.0,UPPER PAYA LEBAR ROAD,3.712
upper_paya_lebar_road,Upper Paya Lebar Road,600.0,32923.88,37210.695,15.03,15.03,15.03,-0.359,1.0,UPPER PAYA LEBAR ROAD,3.476
upper_paya_lebar_road,Upper Paya Lebar Road,602.0,32925.522,37211.837,15.028,15.028,15.028,-0.219,1.0,UPPER PAYA LEBAR ROAD,3.24
upper_paya_lebar_road,Upper Paya Lebar Road,604.0,32927.164,37212.979,15.027,15.027,15.027,-0.063,1.0,UPPER PAYA LEBAR ROAD,3.004
upper_paya_lebar_road,Upper Paya Lebar Road,606.0,32928.806,37214.121,15.026,15.026,15.026,-0.081,1.0,UPPER PAYA LEBAR ROAD,2.768
upper_paya_lebar_road,Upper Paya Lebar Road,608.0,32930.448,37215.263,15.025,15.025,15.025,-0.138,1.0,UPPER PAYA LEBAR ROAD,2.532
upper_paya_lebar_road,Upper Paya Lebar Road,610.0,32932.09,37216.405,15.022,15.022,15.022,-0.175,1.0,UPPER PAYA LEBAR ROAD,2.296
upper_paya_lebar_road,Upper Paya Lebar Road,612.0,32933.731,37217.547,15.016,15.016,15.016,-0.294,1.0,UPPER PAYA LEBAR ROAD,2.06
upper_paya_lebar_road,Upper Paya Lebar Road,614.0,32935.373,37218.689,15.012,15.012,15.012,-0.319,1.0,UPPER PAYA LEBAR ROAD,1.824
upper_paya_lebar_road,Upper Paya Lebar Road,616.0,32937.015,37219.831,15.002,15.002,15.002,-0.306,1.0,UPPER PAYA LEBAR ROAD,1.588
upper_paya_lebar_road,Upper Paya Lebar Road,618.0,32938.657,37220.974,14.992,14.992,14.996,-0.381,1.0,UPPER PAYA LEBAR ROAD,1.352
upper_paya_lebar_road,Upper Paya Lebar Road,620.0,32940.299,37222.116,14.996,14.996,14.992,-0.519,1.0,UPPER PAYA LEBAR ROAD,1.116
upper_paya_lebar_road,Upper Paya Lebar Road,622.0,32941.941,37223.258,14.982,14.982,14.982,-0.559,1.0,UPPER PAYA LEBAR ROAD,0.88
upper_paya_lebar_road,Upper Paya Lebar Road,624.0,32943.583,37224.4,14.96,14.96,14.96,-0.734,1.0,UPPER PAYA LEBAR ROAD,0.644
upper_paya_lebar_road,Upper Paya Lebar Road,626.0,32945.225,37225.542,14.942,14.942,14.951,-0.845,1.0,UPPER PAYA LEBAR ROAD,0.408
upper_paya_lebar_road,Upper Paya Lebar Road,626.674,32945.777,37225.926,14.942,14.942,14.942,-0.655,1.0,UPPER PAYA LEBAR ROAD,0.329
